59.110.154.102,8080,HTTP
121.33.220.158,808,HTTP
117.88.176.170,3000,HTTP
117.88.4.227,3000,HTTP
117.88.176.73,3000,HTTP
121.40.162.239,808,HTTP
218.21.230.156,808,HTTP
117.88.177.40,3000,HTTP
117.88.5.28,3000,HTTP
222.95.241.182,3000,HTTP
222.95.241.196,3000,HTTP
27.11.205.43,8118,HTTP
120.132.116.81,8080,HTTP
171.221.35.8,8118,HTTP
222.95.144.164,3000,HTTP
121.237.148.151,3000,HTTP
222.95.144.193,3000,HTTP
117.88.4.167,3000,HTTP
59.52.187.80,43458,HTTP
223.199.2.159,8118,HTTP
118.114.116.216,8118,HTTP
119.136.88.187,808,HTTP
113.88.211.244,8118,HTTP
117.88.4.25,3000,HTTP
1.193.21.25,1080,HTTP
121.234.31.44,8118,HTTP
27.43.108.60,8118,HTTP
219.132.205.105,8118,HTTP
58.58.213.55,8888,HTTP
121.239.208.184,8118,HTTP
117.88.176.123,3000,HTTP
120.78.168.189,8118,HTTP
117.114.149.66,53281,HTTP
111.76.221.190,8118,HTTP
125.73.220.18,31036,HTTP
119.254.94.93,46323,HTTP
61.150.96.27,46111,HTTP
119.123.76.117,8118,HTTP
222.85.28.130,40505,HTTP
183.163.214.226,8118,HTTP
114.99.54.65,8118,HTTP
58.212.111.176,8118,HTTP
118.78.196.81,8118,HTTP
222.184.7.206,40908,HTTP
117.94.213.165,8118,HTTP
115.223.69.125,8010,HTTP
106.14.206.26,8118,HTTP
117.87.180.144,8118,HTTP
113.116.140.117,8118,HTTP
39.91.8.31,9999,HTTP
115.238.59.86,53400,HTTP
120.11.132.242,8118,HTTP
60.167.75.105,8118,HTTP
49.85.59.166,8118,HTTP
221.218.102.146,33323,HTTP
221.206.100.133,34073,HTTP
39.76.48.108,8118,HTTP
117.88.4.217,3000,HTTP
61.164.39.66,53281,HTTP
182.138.160.8,8118,HTTP
61.135.155.82,443,HTTP
58.209.220.127,8118,HTTP
121.237.148.169,3000,HTTP
118.190.142.140,3128,HTTP
1.202.193.26,59212,HTTP
116.114.19.211,443,HTTP
121.17.210.114,8060,HTTP
1.83.122.191,8118,HTTP
222.95.144.235,3000,HTTP
117.88.5.97,8118,HTTP
183.147.15.237,8118,HTTP
222.95.144.177,3000,HTTP
113.110.184.217,8118,HTTP
119.123.78.218,8118,HTTP
117.88.176.221,3000,HTTP
117.88.177.150,3000,HTTP
117.88.177.188,3000,HTTP
121.238.149.62,8118,HTTP
182.61.179.157,8888,HTTP
117.88.4.129,3000,HTTP
117.88.176.52,3000,HTTP
121.237.148.47,3000,HTTP
117.88.176.165,3000,HTTP
114.224.195.223,8118,HTTP
121.237.149.73,3000,HTTP
115.223.121.169,8010,HTTP
124.93.201.59,59618,HTTP
101.200.36.219,80,HTTP
121.237.148.201,3000,HTTP
222.95.144.189,3000,HTTP
218.76.253.201,61408,HTTP
60.205.188.24,3128,HTTP
117.88.177.30,3000,HTTP
175.10.24.127,3128,HTTP
218.75.69.50,39590,HTTP
222.95.144.228,3000,HTTP
121.237.149.35,3000,HTTP
1.83.123.197,8118,HTTP
117.88.5.10,3000,HTTP
121.237.148.232,3000,HTTP
117.88.4.80,3000,HTTP
222.95.144.79,3000,HTTP
113.87.202.35,8118,HTTP
121.237.148.219,3000,HTTP
222.95.144.111,3000,HTTP
222.95.144.130,3000,HTTP
219.140.29.127,8118,HTTP
222.95.144.209,3000,HTTP
139.196.140.179,8888,HTTP
117.88.4.143,3000,HTTP
59.42.89.164,8118,HTTP
115.159.154.79,1080,HTTP
183.5.99.10,8118,HTTP
111.222.141.127,8118,HTTP
116.22.51.44,8118,HTTP
115.213.180.190,50210,HTTP
117.88.190.32,8118,HTTP
123.185.223.137,8118,HTTP
222.95.144.27,3000,HTTP
113.12.202.50,40498,HTTP
27.11.20.75,8118,HTTP
123.163.67.50,8118,HTTP
58.56.149.198,53281,HTTP
14.115.186.161,8118,HTTP
218.249.45.162,35586,HTTP
220.189.70.176,8888,HTTP
115.223.122.32,8010,HTTP
180.116.150.211,8118,HTTP
121.237.148.56,3000,HTTP
121.237.148.15,3000,HTTP
117.88.5.140,3000,HTTP
115.206.114.5,8118,HTTP
123.171.5.82,8118,HTTP
183.167.217.152,63000,HTTP
60.168.81.140,18118,HTTP
218.21.96.128,58080,HTTP
122.192.38.207,8118,HTTP
222.95.144.83,3000,HTTP
117.88.5.34,3000,HTTP
180.103.236.34,8118,HTTP
121.237.148.199,3000,HTTP
101.132.118.170,8080,HTTP
1.83.117.58,8118,HTTP
220.176.197.78,8118,HTTP
118.251.89.71,3128,HTTP
119.41.200.14,53281,HTTP
218.86.200.26,8118,HTTP
49.73.239.176,8118,HTTP
124.172.232.49,8010,HTTP
210.5.10.87,53281,HTTP
220.191.101.40,8888,HTTP
221.224.136.211,35101,HTTP
121.13.252.58,41564,HTTP
117.88.176.77,3000,HTTP
110.87.176.121,8118,HTTP
121.237.149.227,3000,HTTP
123.132.232.254,37638,HTTP
117.88.177.53,3000,HTTP
222.95.144.124,3128,HTTP
116.113.27.170,47849,HTTP
117.88.4.126,3000,HTTP
58.32.34.219,8118,HTTP
117.88.177.136,3000,HTTP
117.88.177.100,3000,HTTP
60.216.101.46,59351,HTTP
183.147.214.86,8118,HTTP
110.249.176.26,8060,HTTP
183.143.38.164,8118,HTTP
117.88.5.126,3000,HTTP
117.88.4.89,3000,HTTP
113.87.89.42,8118,HTTP
101.231.104.82,80,HTTP
118.187.58.34,53281,HTTP
117.88.176.164,3000,HTTP
115.213.182.97,50082,HTTP
117.88.5.133,3000,HTTP
117.88.177.67,3000,HTTP
117.88.5.166,3000,HTTP
121.237.149.78,3000,HTTP
117.88.5.61,3000,HTTP
117.88.177.168,3000,HTTP
121.237.149.153,3000,HTTP
117.88.4.201,3000,HTTP
117.88.177.54,3000,HTTP
121.237.149.50,3000,HTTP
222.95.240.183,3000,HTTP
222.95.240.199,3000,HTTP
175.166.162.105,80,HTTP
183.32.252.173,8118,HTTP
221.237.37.77,8118,HTTP
222.95.240.154,3000,HTTP
117.88.4.46,3000,HTTP
125.110.122.215,8118,HTTP
222.95.144.33,3000,HTTP
223.199.6.196,8118,HTTP
222.95.144.192,3000,HTTP
117.88.176.55,3000,HTTP
220.168.52.245,55255,HTTP
117.88.176.120,3000,HTTP
119.123.78.85,8118,HTTP
117.88.177.212,3000,HTTP
222.95.241.243,3000,HTTP
202.107.233.123,8090,HTTP
115.223.122.249,8010,HTTP
125.123.138.192,9999,HTTP
113.65.5.230,8118,HTTP
182.108.62.195,1624,HTTP
110.189.152.86,52277,HTTP
117.87.230.117,8118,HTTP
118.181.226.166,44640,HTTP
115.204.98.134,8118,HTTP
115.213.161.112,50003,HTTP
171.11.65.4,8118,HTTP
113.116.50.227,53281,HTTP
115.208.76.154,8118,HTTP
123.185.222.191,8118,HTTP
61.178.149.237,59042,HTTP
222.95.240.111,3000,HTTP
121.237.149.113,3000,HTTP
117.88.177.251,3000,HTTP
110.73.9.56,8123,HTTP
140.255.2.87,1081,HTTP
58.254.220.116,52470,HTTP
122.225.207.241,8080,HTTP
117.88.5.160,3000,HTTP
140.255.1.235,1081,HTTP
175.148.73.114,1133,HTTP
115.218.143.39,8118,HTTP
115.195.86.133,8118,HTTP
60.2.44.182,30963,HTTP
222.95.144.109,3000,HTTP
121.237.149.168,3000,HTTP
119.134.110.144,8118,HTTP
115.219.104.89,8010,HTTP
140.255.4.87,1081,HTTP
121.237.149.106,3000,HTTP
119.254.94.114,45691,HTTP
122.192.21.80,8118,HTTP
27.203.243.164,8060,HTTP
121.238.103.111,8118,HTTP
175.165.130.173,1133,HTTP
119.123.77.113,8118,HTTP
117.88.4.82,3000,HTTP
117.88.5.249,3000,HTTP
117.88.4.61,3000,HTTP
27.43.108.164,8118,HTTP
121.237.149.224,3000,HTTP
222.95.144.128,3000,HTTP
117.88.5.62,3000,HTTP
117.88.176.64,3000,HTTP
117.88.176.171,3000,HTTP
140.255.3.126,1081,HTTP
222.95.240.124,3000,HTTP
140.255.3.92,1081,HTTP
121.237.149.25,3000,HTTP
115.200.251.233,8118,HTTP
121.40.66.129,808,HTTP
115.219.175.1,8118,HTTP
117.62.173.236,8118,HTTP
222.95.240.37,3000,HTTP
222.95.144.24,3000,HTTP
117.88.176.154,3000,HTTP
121.237.148.31,3000,HTTP
117.88.5.170,3000,HTTP
119.41.192.85,53281,HTTP
121.237.149.228,3000,HTTP
125.123.143.60,9999,HTTP
117.88.4.3,3000,HTTP
183.157.119.19,8118,HTTP
222.95.144.115,3000,HTTP
171.38.133.158,8123,HTTP
1.83.123.191,8118,HTTP
223.198.3.47,8118,HTTP
140.255.6.118,1081,HTTP
59.52.185.145,1624,HTTP
117.88.4.114,3000,HTTP
222.95.144.246,3000,HTTP
121.228.173.152,8118,HTTP
122.193.34.78,8118,HTTP
222.95.240.121,3000,HTTP
121.237.148.115,3000,HTTP
121.237.149.102,3000,HTTP
115.200.235.60,8118,HTTP
58.209.4.226,8118,HTTP
182.92.113.148,8118,HTTP
113.110.253.243,8118,HTTP
113.109.180.135,8118,HTTP
58.208.126.194,8118,HTTP
113.109.214.114,8118,HTTP
121.237.148.161,3000,HTTP
117.88.177.74,3000,HTTP
121.237.148.250,3000,HTTP
121.237.148.156,3000,HTTP
125.123.121.0,47645,HTTP
14.17.78.46,3128,HTTP
117.88.5.48,3000,HTTP
121.237.148.111,3000,HTTP
171.221.86.108,8118,HTTP
171.221.79.106,8118,HTTP
60.217.64.237,31923,HTTP
14.126.24.178,8118,HTTP
221.1.200.242,38652,HTTP
121.237.149.122,3000,HTTP
182.91.240.50,8118,HTTP
121.237.148.231,3000,HTTP
121.237.149.246,3000,HTTP
122.5.200.69,8118,HTTP
223.199.4.111,8118,HTTP
117.88.5.22,3000,HTTP
115.196.129.17,8118,HTTP
113.119.64.146,8118,HTTP
113.88.208.226,8118,HTTP
117.88.177.25,3000,HTTP
1.28.245.52,8118,HTTP
117.88.4.141,3000,HTTP
121.237.149.174,3000,HTTP
115.29.108.117,8118,HTTP
27.154.34.146,31527,HTTP
223.245.38.117,65309,HTTP
175.10.25.117,3128,HTTP
117.88.5.67,3000,HTTP
49.73.106.92,8118,HTTP
121.237.148.10,3000,HTTP
121.227.209.7,8118,HTTP
117.88.5.235,3000,HTTP
222.128.9.235,59593,HTTP
114.139.173.54,8118,HTTP
115.219.108.55,8010,HTTP
121.237.148.94,3000,HTTP
171.221.39.176,8118,HTTP
211.162.125.127,80,HTTP
115.29.170.58,8118,HTTP
114.221.173.112,8118,HTTP
114.99.13.54,1133,HTTP
118.250.2.157,8060,HTTP
113.88.26.148,8118,HTTP
121.237.149.44,3000,HTTP
117.88.5.77,3000,HTTP
113.87.90.55,8118,HTTP
49.73.172.181,8118,HTTP
175.166.162.90,8118,HTTP
121.237.149.177,3000,HTTP
119.39.68.110,8118,HTTP
114.99.10.117,8888,HTTP
27.152.72.58,8118,HTTP
171.35.85.4,8118,HTTP
119.3.211.88,8118,HTTP
222.190.125.2,8118,HTTP
121.237.149.1,3000,HTTP
123.7.17.237,8060,HTTP
222.95.241.234,3000,HTTP
223.199.3.30,8118,HTTP
119.41.193.222,53281,HTTP
175.44.7.16,8118,HTTP
125.110.76.30,8118,HTTP
222.211.201.55,8118,HTTP
1.83.116.200,8118,HTTP
222.95.144.210,3000,HTTP
114.237.157.215,8118,HTTP
183.147.14.67,8118,HTTP
222.95.144.47,3000,HTTP
112.83.98.7,8118,HTTP
117.88.5.112,3000,HTTP
119.96.70.201,8118,HTTP
117.80.227.28,8118,HTTP
123.154.164.37,8118,HTTP
222.95.144.15,3000,HTTP
106.122.205.36,8118,HTTP
121.237.149.175,3000,HTTP
180.103.252.61,8010,HTTP
121.237.148.163,3000,HTTP
117.88.5.51,3000,HTTP
182.138.161.172,8118,HTTP
117.88.4.72,3000,HTTP
121.237.149.91,3000,HTTP
117.88.4.230,3000,HTTP
121.237.149.198,3000,HTTP
125.72.70.46,8060,HTTP
117.88.177.113,3000,HTTP
121.237.148.182,3000,HTTP
117.88.177.157,3000,HTTP
60.190.250.120,8080,HTTP
1.83.123.30,8118,HTTP
113.109.214.149,8118,HTTP
180.106.150.197,10080,HTTP
115.219.104.39,8010,HTTP
115.213.178.183,50118,HTTP
218.14.108.53,8060,HTTP
117.88.5.153,3000,HTTP
60.168.81.114,8888,HTTP
115.219.110.87,8010,HTTP
121.237.149.121,3000,HTTP
27.42.168.46,48919,HTTP
117.88.5.231,3000,HTTP
123.185.223.175,8118,HTTP
116.22.48.59,8118,HTTP
14.126.25.142,8118,HTTP
222.95.63.115,8118,HTTP
113.116.177.136,8118,HTTP
218.58.177.86,8118,HTTP
118.25.20.232,8080,HTTP
115.219.172.134,8118,HTTP
49.73.106.226,8118,HTTP
110.73.1.231,8123,HTTP
14.17.78.45,3128,HTTP
59.63.115.111,8118,HTTP
122.241.218.226,8888,HTTP
111.230.228.246,8118,HTTP
101.65.130.233,8118,HTTP
123.57.61.38,8118,HTTP
36.106.15.97,8118,HTTP
182.91.240.101,8118,HTTP
221.1.205.74,8060,HTTP
119.180.173.36,8060,HTTP
210.16.188.48,808,HTTP
220.189.70.171,8888,HTTP
115.213.190.245,50177,HTTP
106.15.248.236,1080,HTTP
175.148.72.5,1133,HTTP
1.83.121.6,8118,HTTP
27.203.214.34,8060,HTTP
124.205.143.210,34874,HTTP
117.88.176.203,3000,HTTP
223.198.13.109,8118,HTTP
183.135.227.68,8118,HTTP
163.204.244.213,9999,HTTP
175.10.57.219,8118,HTTP
123.207.223.129,808,HTTP
115.159.157.199,8118,HTTP
182.92.225.230,8080,HTTP
117.64.237.89,1133,HTTP
117.88.4.2,3000,HTTP
117.88.5.247,3000,HTTP
171.125.138.119,8118,HTTP
121.237.149.140,3000,HTTP
117.88.177.198,3000,HTTP
115.210.246.82,8118,HTTP
114.99.14.141,8888,HTTP
117.88.176.147,3000,HTTP
121.237.148.173,3000,HTTP
171.122.178.144,8118,HTTP
59.44.78.30,42335,HTTP
58.211.134.98,31744,HTTP
117.88.4.78,3000,HTTP
117.64.90.225,8118,HTTP
117.88.4.99,3000,HTTP
121.237.148.19,3000,HTTP
121.31.102.124,8123,HTTP
58.212.110.64,8118,HTTP
121.237.149.247,3000,HTTP
121.237.149.201,3000,HTTP
60.169.63.254,8118,HTTP
121.237.149.241,3000,HTTP
139.155.112.245,8080,HTTP
221.237.37.127,8118,HTTP
121.237.148.216,3000,HTTP
111.201.173.3,8118,HTTP
117.88.4.37,3000,HTTP
117.88.176.63,3000,HTTP
121.237.149.52,3000,HTTP
117.88.177.3,3000,HTTP
121.237.148.102,3000,HTTP
121.237.148.221,3000,HTTP
117.88.5.113,3000,HTTP
117.88.5.87,3000,HTTP
222.95.240.16,3000,HTTP
222.95.144.158,3000,HTTP
121.225.187.109,3000,HTTP
27.203.166.9,8060,HTTP
1.194.103.102,8118,HTTP
27.11.207.235,8118,HTTP
114.139.174.43,8118,HTTP
111.113.72.37,8118,HTTP
119.180.137.104,8060,HTTP
60.167.132.52,808,HTTP
39.80.9.35,8060,HTTP
36.36.92.68,8118,HTTP
114.228.73.217,6666,HTTP
183.146.112.190,8118,HTTP
222.95.144.70,3000,HTTP
117.88.176.180,3000,HTTP
117.88.4.235,3000,HTTP
222.95.144.122,3000,HTTP
222.95.240.66,3000,HTTP
117.88.176.80,3000,HTTP
27.196.51.235,8118,HTTP
117.88.5.191,3000,HTTP
121.237.148.25,3000,HTTP
121.225.186.204,3000,HTTP
121.225.187.220,3000,HTTP
222.94.214.137,8118,HTTP
121.237.149.86,3000,HTTP
117.88.4.234,3000,HTTP
222.95.144.88,3000,HTTP
115.208.83.208,8118,HTTP
117.88.176.161,3000,HTTP
222.95.144.179,3000,HTTP
119.41.195.115,53281,HTTP
117.88.177.34,3000,HTTP
222.95.144.229,3000,HTTP
117.88.176.27,3000,HTTP
117.88.5.85,3000,HTTP
121.237.148.48,3000,HTTP
117.88.177.147,3000,HTTP
117.94.181.38,8888,HTTP
121.237.149.173,3000,HTTP
222.95.240.250,3000,HTTP
121.237.149.57,3000,HTTP
114.220.141.78,8118,HTTP
117.88.177.129,3000,HTTP
121.237.149.29,3000,HTTP
117.88.177.244,3000,HTTP
117.88.176.232,3000,HTTP
183.157.52.60,8118,HTTP
117.88.177.246,3000,HTTP
117.88.176.48,3000,HTTP
117.88.176.81,3000,HTTP
222.95.144.72,3000,HTTP
117.88.5.230,3000,HTTP
117.88.176.134,3000,HTTP
115.211.117.8,8118,HTTP
125.120.191.145,8118,HTTP
180.139.114.177,8118,HTTP
110.167.30.50,8060,HTTP
223.199.12.14,8118,HTTP
125.45.89.222,8118,HTTP
117.88.177.122,3000,HTTP
121.237.149.20,3000,HTTP
117.88.177.50,3000,HTTP
117.88.4.137,3000,HTTP
222.95.241.215,3000,HTTP
117.88.5.98,3000,HTTP
117.88.4.195,3000,HTTP
222.95.144.76,3000,HTTP
222.95.144.167,3000,HTTP
222.95.144.137,3000,HTTP
123.163.47.37,8118,HTTP
117.88.177.149,3000,HTTP
222.95.241.12,3000,HTTP
116.30.194.115,8118,HTTP
117.88.177.215,3000,HTTP
117.88.177.146,3000,HTTP
117.88.176.255,3000,HTTP
121.237.148.105,3000,HTTP
118.78.196.66,8118,HTTP
119.179.129.244,8060,HTTP
222.95.241.6,3000,HTTP
117.88.5.244,3000,HTTP
222.95.144.60,3000,HTTP
121.237.148.252,3000,HTTP
222.95.240.141,3000,HTTP
121.237.149.125,3000,HTTP
222.95.144.219,3000,HTTP
119.179.136.97,8060,HTTP
175.10.24.221,3128,HTTP
121.237.149.123,3000,HTTP
117.88.176.146,3000,HTTP
121.225.187.206,3000,HTTP
117.88.5.141,3000,HTTP
14.126.26.176,8118,HTTP
117.88.176.186,3000,HTTP
222.95.241.75,3000,HTTP
116.30.4.95,8118,HTTP
121.237.149.165,3000,HTTP
117.88.177.24,3000,HTTP
119.39.233.222,8118,HTTP
121.237.149.234,3000,HTTP
117.88.176.234,3000,HTTP
222.95.144.157,3000,HTTP
117.88.177.249,3000,HTTP
121.237.148.234,3000,HTTP
175.155.241.58,808,HTTP
222.132.193.226,8118,HTTP
121.237.148.198,3000,HTTP
121.237.149.219,3000,HTTP
222.95.240.5,3000,HTTP
222.95.241.129,3000,HTTP
222.95.241.74,3000,HTTP
121.237.148.145,3000,HTTP
113.72.21.37,8118,HTTP
117.88.5.29,3000,HTTP
114.220.37.190,8118,HTTP
222.95.241.52,3000,HTTP
121.237.148.185,3000,HTTP
117.88.177.115,3000,HTTP
59.42.89.108,8118,HTTP
117.88.5.24,3000,HTTP
222.93.209.172,8118,HTTP
117.62.173.38,8118,HTTP
114.139.169.142,8118,HTTP
1.83.123.201,8118,HTTP
139.196.137.255,8118,HTTP
27.203.187.173,8118,HTTP
117.88.5.74,3000,HTTP
1.83.123.221,8118,HTTP
117.88.5.197,3000,HTTP
117.88.4.29,3000,HTTP
180.175.171.146,8060,HTTP
121.237.149.180,3000,HTTP
121.237.149.124,3000,HTTP
117.88.176.39,3000,HTTP
117.88.176.224,3000,HTTP
175.8.110.93,8118,HTTP
42.242.73.122,8118,HTTP
117.88.177.226,3000,HTTP
117.88.177.202,3000,HTTP
117.88.177.210,3000,HTTP
117.88.4.128,3000,HTTP
117.88.176.115,3000,HTTP
117.88.177.248,3000,HTTP
222.95.144.148,3000,HTTP
117.88.4.74,3000,HTTP
117.88.177.196,3000,HTTP
121.237.149.37,3000,HTTP
118.114.249.17,8118,HTTP
117.88.176.91,3000,HTTP
222.95.240.51,3000,HTTP
27.188.65.244,8060,HTTP
121.237.148.133,3000,HTTP
117.88.177.4,3000,HTTP
222.95.241.210,3000,HTTP
121.237.148.8,3000,HTTP
117.88.4.106,3000,HTTP
117.68.190.147,8118,HTTP
121.237.149.74,3000,HTTP
117.88.4.202,3000,HTTP
121.237.148.122,3000,HTTP
222.95.241.248,3000,HTTP
117.88.4.98,3000,HTTP
117.88.176.184,3000,HTTP
117.88.4.138,3000,HTTP
115.210.243.132,8118,HTTP
113.109.214.94,8118,HTTP
117.88.176.57,3000,HTTP
117.88.177.164,3000,HTTP
183.158.89.93,8118,HTTP
222.95.144.58,3000,HTTP
117.88.177.86,3000,HTTP
117.88.4.33,3000,HTTP
121.237.148.62,3000,HTTP
121.237.148.120,3000,HTTP
183.157.194.206,8118,HTTP
117.88.5.26,3000,HTTP
117.88.5.31,3000,HTTP
121.237.148.159,3000,HTTP
117.88.176.51,3000,HTTP
222.95.241.220,3000,HTTP
222.95.240.184,3000,HTTP
113.123.19.107,8118,HTTP
117.88.5.185,3000,HTTP
121.237.148.23,3000,HTTP
117.88.176.150,3000,HTTP
121.237.149.110,3128,HTTP
117.88.4.112,3000,HTTP
121.237.148.146,3000,HTTP
222.95.144.162,3000,HTTP
117.88.5.195,3000,HTTP
121.237.148.206,3000,HTTP
222.95.144.152,3000,HTTP
121.237.148.81,3000,HTTP
121.237.149.77,3000,HTTP
117.88.177.94,3000,HTTP
117.88.4.9,3000,HTTP
223.241.118.184,8010,HTTP
117.88.5.164,3000,HTTP
222.95.241.101,3000,HTTP
222.95.240.162,3000,HTTP
117.88.5.122,3000,HTTP
117.88.5.55,3000,HTTP
113.116.50.173,8118,HTTP
117.60.19.91,8118,HTTP
117.88.5.158,3000,HTTP
117.88.176.190,3000,HTTP
121.237.148.9,3000,HTTP
114.221.40.183,61234,HTTP
121.237.149.11,3000,HTTP
222.95.144.97,3000,HTTP
222.95.144.242,3000,HTTP
58.212.150.225,8118,HTTP
122.235.208.93,8118,HTTP
222.95.144.3,3000,HTTP
115.219.104.186,8010,HTTP
171.35.85.92,8118,HTTP
221.225.71.142,8118,HTTP
113.110.186.102,8118,HTTP
117.88.177.174,3000,HTTP
117.88.5.178,3000,HTTP
117.70.196.184,61234,HTTP
101.75.170.105,8118,HTTP
113.65.164.33,8118,HTTP
121.237.149.130,3000,HTTP
117.88.177.48,3000,HTTP
117.88.5.124,3000,HTTP
117.88.176.34,3000,HTTP
117.88.4.170,3000,HTTP
117.88.4.245,3000,HTTP
120.79.64.147,8118,HTTP
49.235.246.24,8118,HTTP
117.88.176.231,3000,HTTP
117.88.177.254,3000,HTTP
222.95.144.49,3000,HTTP
117.88.177.21,3000,HTTP
117.88.176.116,3000,HTTP
139.199.219.235,8888,HTTP
222.95.144.78,3000,HTTP
117.88.176.155,3000,HTTP
117.88.176.122,3000,HTTP
117.88.5.201,3000,HTTP
115.213.169.114,50014,HTTP
117.88.4.165,3000,HTTP
117.88.176.41,3000,HTTP
121.42.236.209,808,HTTP
121.237.148.113,3000,HTTP
117.88.4.233,3000,HTTP
121.237.149.103,3000,HTTP
117.88.176.158,3000,HTTP
117.88.177.130,3000,HTTP
121.225.186.29,3000,HTTP
114.226.163.64,8888,HTTP
117.88.176.229,3000,HTTP
117.88.176.239,3000,HTTP
117.88.4.11,3000,HTTP
117.88.5.117,3000,HTTP
117.88.5.192,3000,HTTP
222.95.144.64,3000,HTTP
113.128.90.219,8118,HTTP
111.230.250.90,808,HTTP
121.237.149.66,3000,HTTP
121.237.148.72,3000,HTTP
222.95.241.18,3000,HTTP
117.88.177.171,3000,HTTP
117.88.4.59,3000,HTTP
121.237.149.209,3000,HTTP
222.95.241.95,3000,HTTP
222.95.240.228,3000,HTTP
222.95.240.196,3000,HTTP
49.85.84.154,61234,HTTP
121.225.187.94,3000,HTTP
117.88.4.76,3000,HTTP
117.88.4.91,3000,HTTP
117.88.177.69,3000,HTTP
117.88.4.94,3000,HTTP
113.109.213.137,8118,HTTP
222.95.240.94,3000,HTTP
222.95.240.74,3000,HTTP
175.10.57.84,8118,HTTP
117.88.5.105,3000,HTTP
222.95.241.113,3000,HTTP
121.237.149.167,3000,HTTP
117.88.5.205,3000,HTTP
222.95.240.218,3000,HTTP
121.237.149.182,3000,HTTP
117.88.4.30,3000,HTTP
222.95.144.232,3000,HTTP
117.88.176.102,3000,HTTP
222.95.241.159,3000,HTTP
121.237.148.190,3000,HTTP
121.8.146.99,8060,HTTP
222.95.60.225,8118,HTTP
113.116.159.193,808,HTTP
119.180.128.212,8060,HTTP
222.95.241.143,3000,HTTP
117.88.5.60,3000,HTTP
222.95.240.28,3000,HTTP
221.230.252.140,8118,HTTP
39.80.12.254,8060,HTTP
59.42.88.206,8118,HTTP
221.227.105.28,808,HTTP
117.88.4.81,3000,HTTP
121.237.149.134,3000,HTTP
117.88.177.77,3000,HTTP
121.237.149.187,3000,HTTP
222.95.241.236,3000,HTTP
117.88.4.40,3000,HTTP
222.95.144.9,3000,HTTP
121.237.149.238,3000,HTTP
222.221.177.212,8118,HTTP
117.88.4.102,3000,HTTP
121.237.149.213,3000,HTTP
115.223.81.179,8010,HTTP
220.171.90.158,8060,HTTP
222.95.144.85,3000,HTTP
117.88.176.69,3000,HTTP
114.100.74.78,8118,HTTP
117.88.177.81,3000,HTTP
117.88.4.243,3000,HTTP
115.213.190.80,50088,HTTP
117.88.5.194,3000,HTTP
222.95.144.156,3000,HTTP
120.26.199.103,8118,HTTP
117.88.176.167,3000,HTTP
222.95.240.102,3000,HTTP
222.95.241.1,3000,HTTP
117.88.177.17,3000,HTTP
39.81.18.155,8118,HTTP
113.208.115.190,8118,HTTP
113.124.159.154,8118,HTTP
61.54.225.130,8060,HTTP
121.237.148.125,3000,HTTP
27.188.64.70,8060,HTTP
59.63.114.95,8118,HTTP
114.99.255.88,8118,HTTP
117.88.176.211,3000,HTTP
117.88.176.162,3000,HTTP
117.88.177.225,3000,HTTP
118.24.246.249,80,HTTP
218.58.193.98,8060,HTTP
27.203.241.127,8060,HTTP
119.23.226.168,80,HTTP
117.88.176.137,3000,HTTP
175.8.109.218,8118,HTTP
117.88.176.200,3000,HTTP
121.237.149.116,3000,HTTP
117.88.4.154,3000,HTTP
117.88.176.135,3000,HTTP
117.88.176.159,3000,HTTP
117.88.176.222,3000,HTTP
222.95.241.115,3000,HTTP
117.88.5.134,3000,HTTP
121.225.187.125,3000,HTTP
121.237.148.90,3000,HTTP
222.95.144.150,3000,HTTP
117.88.176.30,3000,HTTP
121.237.149.75,3000,HTTP
117.88.5.151,3000,HTTP
1.83.123.76,8118,HTTP
222.95.144.118,3000,HTTP
117.88.177.223,3000,HTTP
121.225.187.24,3000,HTTP
60.168.206.243,8888,HTTP
121.230.208.188,8118,HTTP
121.237.148.109,3000,HTTP
223.199.11.109,8118,HTTP
115.206.137.156,8118,HTTP
115.219.175.238,8118,HTTP
60.167.133.38,9999,HTTP
222.95.241.241,3000,HTTP
222.95.241.192,3000,HTTP
119.41.236.180,8010,HTTP
116.114.19.204,443,HTTP
117.88.5.86,3000,HTTP
222.95.241.83,3000,HTTP
222.95.240.164,3000,HTTP
222.95.240.159,3000,HTTP
121.237.148.74,3000,HTTP
222.95.241.199,3000,HTTP
121.237.149.146,3000,HTTP
222.95.241.5,3000,HTTP
27.208.117.110,8118,HTTP
222.95.241.100,3000,HTTP
117.88.4.14,3000,HTTP
222.95.240.129,3000,HTTP
222.95.240.235,3000,HTTP
222.95.144.127,3000,HTTP
222.95.144.48,3000,HTTP
222.95.240.12,3000,HTTP
117.88.176.132,3000,HTTP
49.65.160.69,18118,HTTP
113.65.248.178,8118,HTTP
222.95.240.100,3000,HTTP
123.245.13.238,8118,HTTP
117.88.253.225,8118,HTTP
1.83.123.40,8118,HTTP
121.237.148.38,3000,HTTP
222.95.240.163,3000,HTTP
121.237.148.134,3000,HTTP
117.88.4.192,3000,HTTP
222.95.241.146,3000,HTTP
121.237.149.36,3000,HTTP
112.194.112.239,8118,HTTP
222.95.144.234,3000,HTTP
121.237.149.59,3000,HTTP
222.95.240.33,3000,HTTP
121.237.148.204,3000,HTTP
222.95.144.71,3000,HTTP
121.237.149.88,3000,HTTP
222.95.241.88,3000,HTTP
59.110.26.15,8080,HTTP
115.207.87.47,8118,HTTP
218.17.46.17,808,HTTP
222.95.240.22,3000,HTTP
123.57.12.47,8080,HTTP
222.95.240.191,3000,HTTP
113.116.131.148,8118,HTTP
219.154.152.141,8118,HTTP
110.73.8.171,8123,HTTP
220.173.143.242,808,HTTP
1.83.120.178,8118,HTTP
121.225.186.55,3000,HTTP
118.24.25.195,8080,HTTP
119.147.137.79,8008,HTTP
106.52.185.57,8080,HTTP
115.223.120.254,8010,HTTP
182.34.34.50,808,HTTP
220.184.165.158,8118,HTTP
110.87.33.83,8118,HTTP
183.143.49.23,8118,HTTP
120.26.208.189,8088,HTTP
118.114.96.155,8118,HTTP
171.35.65.64,8118,HTTP
222.95.241.44,3000,HTTP
222.95.144.173,3000,HTTP
117.88.176.108,3000,HTTP
106.13.92.23,8080,HTTP
117.88.177.170,3000,HTTP
36.25.44.224,8118,HTTP
117.88.5.212,3000,HTTP
106.54.81.22,8080,HTTP
117.88.177.233,3000,HTTP
113.195.152.150,9999,HTTP
117.88.176.104,3000,HTTP
171.35.143.35,9999,HTTP
121.237.149.189,3000,HTTP
117.88.177.124,3000,HTTP
220.184.167.183,8118,HTTP
222.95.241.31,3000,HTTP
117.88.4.139,3000,HTTP
117.88.5.161,3000,HTTP
120.79.218.17,33903,HTTP
171.35.140.43,9999,HTTP
180.113.189.210,9999,HTTP
36.248.129.20,9999,HTTP
111.76.179.35,8118,HTTP
36.248.129.67,9999,HTTP
49.86.181.190,9999,HTTP
183.166.163.249,9999,HTTP
171.35.148.140,9999,HTTP
171.35.147.73,9999,HTTP
117.88.176.215,3000,HTTP
183.166.96.59,9999,HTTP
182.46.110.199,9999,HTTP
171.35.146.163,9999,HTTP
115.221.246.122,9999,HTTP
114.104.138.28,9999,HTTP
121.237.149.158,3000,HTTP
222.95.144.183,3000,HTTP
121.237.149.161,3000,HTTP
175.42.68.215,9999,HTTP
36.248.133.235,9999,HTTP
117.88.176.17,3000,HTTP
121.237.149.185,3000,HTTP
36.248.133.138,9999,HTTP
175.42.68.20,9999,HTTP
112.111.217.130,9999,HTTP
36.248.129.85,9999,HTTP
117.88.4.44,3000,HTTP
121.237.149.166,3000,HTTP
121.237.148.16,3000,HTTP
175.42.68.92,9999,HTTP
113.195.152.30,9999,HTTP
117.88.176.233,3000,HTTP
113.195.157.181,9999,HTTP
36.248.129.68,9999,HTTP
171.35.149.104,9999,HTTP
117.88.176.131,3000,HTTP
183.166.111.166,9999,HTTP
113.195.147.119,9999,HTTP
113.128.11.103,9999,HTTP
114.225.246.117,9999,HTTP
171.35.141.121,9999,HTTP
113.194.50.133,9999,HTTP
117.88.5.168,3000,HTTP
121.238.15.39,9999,HTTP
121.233.227.13,9999,HTTP
183.166.20.2,9999,HTTP
49.76.193.47,9999,HTTP
49.86.180.73,9999,HTTP
113.194.48.181,9999,HTTP
49.86.180.179,9999,HTTP
175.42.68.202,9999,HTTP
117.88.5.121,3000,HTTP
113.194.31.101,9999,HTTP
113.195.157.130,9999,HTTP
171.35.147.34,9999,HTTP
113.195.153.170,9999,HTTP
183.166.96.154,9999,HTTP
113.195.145.239,9999,HTTP
113.195.152.119,9999,HTTP
112.111.217.254,9999,HTTP
36.248.129.208,9999,HTTP
222.95.144.141,3000,HTTP
222.95.144.120,3000,HTTP
222.95.241.118,3000,HTTP
117.88.176.20,3000,HTTP
222.95.240.190,3000,HTTP
222.95.240.118,3000,HTTP
222.95.144.212,3000,HTTP
117.88.177.178,3000,HTTP
121.237.149.211,3000,HTTP
117.88.176.156,3000,HTTP
113.195.154.44,9999,HTTP
117.88.4.10,3000,HTTP
117.88.177.189,3000,HTTP
222.95.240.133,3000,HTTP
117.88.177.197,3000,HTTP
180.113.189.64,9999,HTTP
117.88.176.82,3000,HTTP
36.248.129.75,9999,HTTP
36.248.133.47,9999,HTTP
175.42.68.61,9999,HTTP
171.11.29.25,9999,HTTP
114.225.247.112,9999,HTTP
117.88.4.160,3000,HTTP
222.95.241.110,3000,HTTP
117.88.5.4,3000,HTTP
117.88.4.19,3000,HTTP
115.221.240.57,9999,HTTP
171.35.143.149,9999,HTTP
175.42.123.247,9999,HTTP
171.35.162.116,9999,HTTP
113.195.152.178,9999,HTTP
171.35.141.190,9999,HTTP
114.225.113.181,9999,HTTP
171.35.147.147,9999,HTTP
122.4.51.196,9999,HTTP
171.35.167.111,9999,HTTP
175.42.68.64,9999,HTTP
113.195.152.31,9999,HTTP
183.166.96.115,9999,HTTP
171.35.140.107,9999,HTTP
115.221.244.197,9999,HTTP
120.83.110.29,9999,HTTP
113.195.153.134,9999,HTTP
114.139.34.99,8118,HTTP
123.169.34.146,9999,HTTP
120.83.107.146,9999,HTTP
175.42.122.104,9999,HTTP
112.84.98.148,9999,HTTP
49.76.197.60,9999,HTTP
112.111.217.3,9999,HTTP
115.211.186.33,9999,HTTP
182.46.102.6,9999,HTTP
163.204.246.76,9999,HTTP
171.35.147.130,9999,HTTP
36.248.133.142,9999,HTTP
175.42.68.187,9999,HTTP
36.248.133.20,9999,HTTP
36.248.132.106,9999,HTTP
175.42.68.21,9999,HTTP
175.42.68.191,9999,HTTP
36.248.132.88,9999,HTTP
117.88.177.57,3000,HTTP
112.111.217.125,9999,HTTP
222.95.144.174,3000,HTTP
112.111.217.192,9999,HTTP
222.95.144.185,3000,HTTP
182.35.82.15,9999,HTTP
117.88.4.110,3000,HTTP
121.237.149.70,3000,HTTP
117.88.176.105,3000,HTTP
120.41.115.168,9999,HTTP
113.195.154.118,9999,HTTP
171.35.149.158,9999,HTTP
117.88.5.116,3000,HTTP
121.237.149.254,3000,HTTP
117.88.177.142,3000,HTTP
117.88.5.234,3000,HTTP
36.248.132.212,9999,HTTP
171.35.143.44,9999,HTTP
114.224.20.179,9999,HTTP
122.4.44.247,9999,HTTP
171.35.148.242,9999,HTTP
111.74.155.32,8060,HTTP
113.121.22.170,9999,HTTP
182.46.206.19,9999,HTTP
42.55.254.143,1133,HTTP
117.91.131.78,9999,HTTP
220.176.40.55,9999,HTTP
113.195.205.140,9999,HTTP
117.69.12.19,9999,HTTP
117.88.4.197,3000,HTTP
123.160.68.58,9999,HTTP
113.194.49.41,9999,HTTP
113.195.202.165,9999,HTTP
117.88.177.182,3000,HTTP
123.52.97.232,9999,HTTP
175.44.108.98,9999,HTTP
113.195.155.53,9999,HTTP
183.164.239.243,9999,HTTP
117.88.5.90,3000,HTTP
171.35.146.77,9999,HTTP
113.195.204.106,9999,HTTP
117.88.177.60,3000,HTTP
182.46.115.54,9999,HTTP
222.95.240.172,3000,HTTP
60.176.10.81,8118,HTTP
175.42.123.59,9999,HTTP
36.250.156.204,9999,HTTP
61.145.48.126,9999,HTTP
117.26.41.162,9999,HTTP
117.88.4.100,3000,HTTP
222.95.241.7,3000,HTTP
183.146.156.36,9999,HTTP
183.146.156.164,9999,HTTP
36.248.133.42,9999,HTTP
171.35.142.138,9999,HTTP
175.42.123.222,9999,HTTP
115.211.226.91,9999,HTTP
117.69.200.153,9999,HTTP
114.224.20.19,9999,HTTP
175.42.123.9,9999,HTTP
175.42.122.109,9999,HTTP
182.46.98.117,9999,HTTP
117.88.4.116,3000,HTTP
222.95.144.119,3000,HTTP
183.146.183.153,8118,HTTP
117.88.177.29,3000,HTTP
36.248.129.86,9999,HTTP
121.237.148.176,3000,HTTP
117.88.5.11,3000,HTTP
117.88.4.231,3000,HTTP
112.111.217.15,9999,HTTP
117.88.5.175,3000,HTTP
222.95.241.231,3000,HTTP
121.237.148.101,3000,HTTP
36.248.129.241,9999,HTTP
117.88.5.95,3000,HTTP
121.237.149.87,3000,HTTP
49.76.198.159,9999,HTTP
117.88.5.189,3000,HTTP
1.198.72.89,9999,HTTP
117.88.4.153,3000,HTTP
113.195.144.157,9999,HTTP
183.166.125.204,9999,HTTP
117.88.177.139,3000,HTTP
117.84.182.255,9999,HTTP
180.122.144.28,9999,HTTP
61.145.48.57,9999,HTTP
61.145.48.53,9999,HTTP
117.88.176.166,3000,HTTP
49.76.193.237,9999,HTTP
114.224.28.154,9999,HTTP
36.22.78.211,9999,HTTP
112.84.50.113,9999,HTTP
117.69.24.106,9999,HTTP
222.95.241.40,3000,HTTP
183.164.238.139,9999,HTTP
114.239.29.169,9999,HTTP
171.35.146.47,9999,HTTP
117.95.199.115,9999,HTTP
163.204.242.132,9999,HTTP
118.212.107.112,9999,HTTP
114.224.20.101,9999,HTTP
36.25.43.210,9999,HTTP
49.85.179.135,9999,HTTP
115.211.227.2,9999,HTTP
1.196.177.25,9999,HTTP
180.122.150.203,36273,HTTP
36.25.40.69,9999,HTTP
114.239.172.119,9999,HTTP
59.60.209.168,9999,HTTP
112.111.217.169,9999,HTTP
36.248.132.236,9999,HTTP
117.26.40.127,9999,HTTP
222.95.241.134,3000,HTTP
117.66.230.4,9999,HTTP
36.6.147.149,9999,HTTP
115.211.224.18,9999,HTTP
49.89.85.23,9999,HTTP
183.166.111.61,9999,HTTP
120.83.109.223,9999,HTTP
117.95.192.17,9999,HTTP
113.195.147.217,9999,HTTP
115.211.228.228,9999,HTTP
117.69.201.161,9999,HTTP
175.10.25.101,3128,HTTP
120.83.108.50,9999,HTTP
49.85.179.78,9999,HTTP
183.154.53.198,9999,HTTP
115.210.70.89,9999,HTTP
114.239.199.4,9999,HTTP
117.88.177.88,3000,HTTP
171.35.168.227,9999,HTTP
113.195.153.174,9999,HTTP
61.145.49.167,9999,HTTP
113.194.48.75,9999,HTTP
115.211.229.102,9999,HTTP
117.69.200.205,41005,HTTP
222.95.240.216,3000,HTTP
114.239.150.93,808,HTTP
36.248.132.117,808,HTTP
106.111.53.38,9999,HTTP
115.221.242.21,9999,HTTP
117.88.5.30,3000,HTTP
183.154.48.247,9999,HTTP
114.239.148.191,9999,HTTP
183.164.239.90,24816,HTTP
36.27.186.244,9999,HTTP
115.221.247.159,9999,HTTP
115.211.227.87,9999,HTTP
36.25.41.201,9999,HTTP
163.204.243.231,9999,HTTP
175.42.123.57,9999,HTTP
171.35.169.241,9999,HTTP
183.154.50.37,9999,HTTP
122.4.51.175,9999,HTTP
123.149.136.254,9999,HTTP
49.76.196.70,9999,HTTP
113.194.49.207,9999,HTTP
222.95.241.54,3000,HTTP
115.210.36.142,9999,HTTP
117.24.81.78,9999,HTTP
180.122.144.226,9999,HTTP
49.70.48.201,9999,HTTP
120.42.132.28,9999,HTTP
124.113.193.21,9999,HTTP
171.35.160.228,9999,HTTP
112.111.217.117,9999,HTTP
113.195.146.59,9999,HTTP
114.239.145.109,808,HTTP
175.42.122.223,9999,HTTP
175.42.122.148,9999,HTTP
36.248.132.118,9999,HTTP
115.219.111.17,8010,HTTP
36.248.129.209,9999,HTTP
175.42.68.66,9999,HTTP
117.88.5.187,3000,HTTP
36.248.132.187,9999,HTTP
175.42.122.216,9999,HTTP
112.111.217.229,9999,HTTP
115.219.107.231,8010,HTTP
117.88.4.64,3000,HTTP
171.35.149.93,9999,HTTP
113.128.28.6,9999,HTTP
115.221.241.104,9999,HTTP
220.176.33.134,9999,HTTP
123.169.168.213,9999,HTTP
112.111.217.115,9999,HTTP
36.248.132.92,808,HTTP
36.248.129.55,9999,HTTP
222.95.144.32,3000,HTTP
222.95.241.105,3000,HTTP
117.57.91.226,9999,HTTP
175.42.68.70,9999,HTTP
183.164.238.243,42341,HTTP
182.46.101.243,9999,HTTP
115.210.68.90,9999,HTTP
114.239.198.151,9999,HTTP
171.35.220.13,9999,HTTP
183.146.156.167,9999,HTTP
36.25.40.177,9999,HTTP
36.25.42.135,9999,HTTP
117.88.4.65,3000,HTTP
117.88.176.65,3000,HTTP
114.239.3.237,9999,HTTP
121.237.148.205,3000,HTTP
121.230.252.230,9999,HTTP
115.210.70.215,9999,HTTP
171.35.147.195,9999,HTTP
113.195.157.48,9999,HTTP
114.239.146.28,9999,HTTP
220.176.32.48,9999,HTTP
117.95.232.148,9999,HTTP
114.239.144.121,808,HTTP
36.248.132.235,9999,HTTP
175.42.123.234,9999,HTTP
115.211.227.209,9999,HTTP
183.146.157.63,9999,HTTP
113.195.157.177,9999,HTTP
117.69.200.149,9999,HTTP
117.88.177.26,3000,HTTP
36.25.41.91,9999,HTTP
117.69.25.81,9999,HTTP
112.111.217.9,808,HTTP
175.42.122.101,9999,HTTP
117.88.177.205,3000,HTTP
113.124.95.86,26409,HTTP
106.111.9.237,9999,HTTP
117.69.51.166,9999,HTTP
117.69.201.107,9999,HTTP
183.164.238.33,9999,HTTP
171.35.140.201,9999,HTTP
182.46.252.36,9999,HTTP
115.210.64.140,33309,HTTP
183.164.239.36,9999,HTTP
183.146.157.21,9999,HTTP
114.223.63.238,9999,HTTP
36.25.40.39,9999,HTTP
175.42.123.27,9999,HTTP
123.169.37.107,9999,HTTP
183.166.96.10,9999,HTTP
36.25.43.202,9999,HTTP
183.166.71.201,9999,HTTP
110.243.21.96,9999,HTTP
125.126.207.149,8118,HTTP
183.166.6.56,9999,HTTP
114.239.150.32,9999,HTTP
221.227.122.66,9999,HTTP
171.35.140.242,9999,HTTP
117.94.182.79,9999,HTTP
123.54.52.203,9999,HTTP
183.154.49.192,9999,HTTP
183.154.48.85,9999,HTTP
183.164.238.109,39663,HTTP
117.95.162.38,9999,HTTP
36.25.43.49,9999,HTTP
183.154.52.137,9999,HTTP
117.88.177.144,3000,HTTP
221.227.122.179,9999,HTTP
36.22.79.151,9999,HTTP
117.69.201.227,9999,HTTP
106.110.212.180,9999,HTTP
180.122.151.149,22573,HTTP
180.119.141.93,9999,HTTP
223.215.19.247,9999,HTTP
183.154.48.168,9999,HTTP
112.111.217.190,9999,HTTP
183.166.118.127,9999,HTTP
114.239.173.84,9999,HTTP
36.25.41.33,9999,HTTP
36.248.133.221,9999,HTTP
36.248.132.245,9999,HTTP
180.103.17.17,8118,HTTP
49.76.197.87,9999,HTTP
113.120.62.208,9999,HTTP
183.166.171.90,8888,HTTP
106.42.217.77,9999,HTTP
117.57.91.21,9999,HTTP
125.117.213.65,9999,HTTP
117.69.13.196,9999,HTTP
36.6.146.168,9999,HTTP
183.166.111.92,9999,HTTP
118.212.107.37,9999,HTTP
113.195.152.110,9999,HTTP
183.166.102.104,9999,HTTP
114.239.110.123,9999,HTTP
123.169.168.79,9999,HTTP
124.113.216.198,9999,HTTP
222.95.240.132,3000,HTTP
36.248.133.94,9999,HTTP
36.248.132.69,9999,HTTP
117.88.5.250,3000,HTTP
117.88.176.96,3000,HTTP
183.166.7.9,9999,HTTP
117.95.195.172,9999,HTTP
223.199.18.139,9999,HTTP
36.248.132.202,9999,HTTP
183.166.124.186,9999,HTTP
112.111.217.81,9999,HTTP
36.248.133.3,9999,HTTP
180.122.180.129,9999,HTTP
49.89.87.163,9999,HTTP
183.166.125.47,9999,HTTP
175.148.70.22,1133,HTTP
121.226.214.118,9999,HTTP
221.227.85.176,9999,HTTP
117.95.162.104,9999,HTTP
36.248.129.133,9999,HTTP
36.248.133.207,9999,HTTP
223.242.246.138,9999,HTTP
124.113.217.41,9999,HTTP
49.76.205.46,9999,HTTP
117.69.200.226,9999,HTTP
183.166.87.246,9999,HTTP
182.35.84.195,9999,HTTP
123.169.126.223,9999,HTTP
59.57.241.25,9999,HTTP
117.88.176.5,3000,HTTP
125.92.103.162,9999,HTTP
114.239.199.224,39465,HTTP
183.166.6.6,9999,HTTP
115.211.228.249,9999,HTTP
163.204.242.235,9999,HTTP
113.195.144.82,9999,HTTP
49.70.85.141,9999,HTTP
121.237.149.95,3000,HTTP
113.195.44.59,9999,HTTP
49.85.179.226,9999,HTTP
36.25.42.93,9999,HTTP
183.146.157.11,9999,HTTP
222.95.144.53,3000,HTTP
117.69.201.20,9999,HTTP
115.221.247.104,9999,HTTP
115.221.240.246,9999,HTTP
61.145.49.140,9999,HTTP
183.154.51.215,9999,HTTP
49.76.12.110,9999,HTTP
183.166.6.198,9999,HTTP
114.239.173.250,9999,HTTP
49.89.87.161,23980,HTTP
223.242.247.154,9999,HTTP
183.166.96.89,9999,HTTP
121.237.148.136,3000,HTTP
183.147.253.217,9999,HTTP
183.146.157.222,9999,HTTP
36.248.129.138,9999,HTTP
114.239.0.155,808,HTTP
121.226.214.235,9999,HTTP
180.119.141.147,9999,HTTP
115.211.227.142,9999,HTTP
183.166.6.21,9999,HTTP
171.35.172.205,9999,HTTP
49.85.179.67,9999,HTTP
27.152.192.189,9999,HTTP
223.242.247.159,9999,HTTP
112.87.69.152,9999,HTTP
183.154.53.128,9999,HTTP
183.146.156.21,9999,HTTP
61.145.49.240,9999,HTTP
183.164.239.78,9999,HTTP
183.154.49.10,9999,HTTP
115.211.230.157,9999,HTTP
36.27.184.19,9999,HTTP
171.35.211.145,9999,HTTP
112.111.77.85,9999,HTTP
113.195.170.179,9999,HTTP
120.83.110.170,9999,HTTP
117.57.90.227,9999,HTTP
124.113.216.207,9999,HTTP
61.145.49.197,9999,HTTP
118.212.107.49,9999,HTTP
117.26.40.172,9999,HTTP
183.146.156.65,9999,HTTP
123.169.103.38,9999,HTTP
122.192.175.180,9999,HTTP
61.145.49.209,9999,HTTP
36.25.42.119,9999,HTTP
117.69.50.16,9999,HTTP
1.196.177.57,9999,HTTP
120.42.132.97,9999,HTTP
183.154.48.238,9999,HTTP
183.154.55.241,9999,HTTP
114.239.0.115,808,HTTP
123.169.96.216,9999,HTTP
182.46.110.142,9999,HTTP
114.239.2.77,808,HTTP
183.154.52.224,38574,HTTP
36.25.42.5,9999,HTTP
182.46.113.151,9999,HTTP
113.195.154.156,9999,HTTP
117.88.4.200,3000,HTTP
121.225.187.43,3000,HTTP
36.250.156.73,9999,HTTP
59.59.214.154,9999,HTTP
36.250.156.205,9999,HTTP
114.239.146.169,808,HTTP
112.111.217.7,9999,HTTP
115.211.225.131,9999,HTTP
182.46.85.27,9999,HTTP
123.149.136.223,9999,HTTP
171.35.163.246,9999,HTTP
175.42.123.166,9999,HTTP
220.176.32.183,9999,HTTP
115.219.169.15,8118,HTTP
175.148.78.181,1133,HTTP
117.69.25.185,9999,HTTP
121.237.149.251,3000,HTTP
183.166.118.242,9999,HTTP
220.176.40.76,9999,HTTP
175.42.123.4,9999,HTTP
49.70.85.189,9999,HTTP
117.88.4.130,3000,HTTP
117.88.176.246,3000,HTTP
112.111.217.199,9999,HTTP
117.88.176.16,3000,HTTP
180.122.145.65,9999,HTTP
106.122.168.73,9999,HTTP
182.35.82.212,9999,HTTP
117.88.177.1,3000,HTTP
183.164.239.35,9999,HTTP
123.149.141.209,9999,HTTP
183.166.6.189,9999,HTTP
175.42.122.224,9999,HTTP
223.242.247.116,9999,HTTP
36.250.156.72,9999,HTTP
117.26.40.232,9999,HTTP
115.210.66.10,9999,HTTP
117.95.199.211,9999,HTTP
171.35.212.226,9999,HTTP
123.149.141.181,9999,HTTP
113.121.21.175,9999,HTTP
114.239.199.135,9999,HTTP
115.211.225.77,9999,HTTP
61.145.8.137,9999,HTTP
124.113.192.63,9999,HTTP
36.25.43.148,9999,HTTP
59.57.241.54,9999,HTTP
175.42.123.94,9999,HTTP
183.164.238.189,34289,HTTP
36.248.133.223,9999,HTTP
117.26.40.23,9999,HTTP
121.226.215.220,9999,HTTP
120.42.132.66,9999,HTTP
36.25.40.114,9999,HTTP
183.146.156.27,9999,HTTP
113.195.152.80,9999,HTTP
36.25.41.67,9999,HTTP
223.199.20.88,9999,HTTP
117.26.40.128,9999,HTTP
113.195.156.242,9999,HTTP
117.95.232.135,9999,HTTP
42.238.68.48,9999,HTTP
183.166.118.177,9999,HTTP
113.195.225.30,9999,HTTP
113.195.146.116,9999,HTTP
222.190.222.137,25819,HTTP
115.211.226.123,9999,HTTP
117.91.248.122,9999,HTTP
117.88.4.206,3000,HTTP
183.154.54.27,9999,HTTP
183.154.51.131,9999,HTTP
180.119.141.169,9999,HTTP
183.154.54.129,9999,HTTP
117.91.131.228,9999,HTTP
36.6.147.18,9999,HTTP
115.211.228.179,9999,HTTP
183.146.156.24,9999,HTTP
183.146.157.70,9999,HTTP
121.237.149.12,3000,HTTP
183.154.53.123,9999,HTTP
120.35.200.204,9999,HTTP
114.218.89.144,9999,HTTP
117.26.40.224,9999,HTTP
115.216.57.130,9999,HTTP
117.88.177.120,3000,HTTP
220.176.40.236,9999,HTTP
183.154.49.180,9999,HTTP
183.154.52.23,9999,HTTP
118.212.107.125,9999,HTTP
180.123.84.125,9999,HTTP
118.212.105.242,9999,HTTP
36.25.40.145,9999,HTTP
183.154.51.132,9999,HTTP
113.195.232.23,9999,HTTP
114.226.245.127,9999,HTTP
182.35.83.251,9999,HTTP
115.216.40.121,9999,HTTP
114.226.35.146,9999,HTTP
114.226.245.194,9999,HTTP
113.195.10.13,9999,HTTP
114.239.110.69,42241,HTTP
183.147.252.134,9999,HTTP
144.52.197.216,9999,HTTP
220.184.26.171,9999,HTTP
114.226.163.30,30390,HTTP
36.248.129.43,9999,HTTP
115.211.225.63,9999,HTTP
122.5.177.131,9999,HTTP
123.169.161.124,9999,HTTP
1.198.72.253,9999,HTTP
182.35.86.75,9999,HTTP
36.248.132.146,9999,HTTP
36.248.129.59,9999,HTTP
36.248.129.164,9999,HTTP
112.111.217.75,9999,HTTP
175.42.123.124,9999,HTTP
112.111.217.230,9999,HTTP
121.237.149.196,3000,HTTP
114.226.244.69,9999,HTTP
117.57.90.150,45465,HTTP
123.169.168.150,9999,HTTP
117.69.201.48,9999,HTTP
114.226.163.185,9999,HTTP
60.169.94.161,9999,HTTP
60.167.20.105,9999,HTTP
114.239.146.2,808,HTTP
114.226.244.231,9999,HTTP
114.226.163.17,9999,HTTP
182.35.80.26,9999,HTTP
117.94.182.0,9999,HTTP
115.221.242.141,9999,HTTP
183.166.133.211,9999,HTTP
110.243.12.236,9999,HTTP
49.76.198.103,9999,HTTP
114.226.89.236,9999,HTTP
117.95.214.194,9999,HTTP
117.88.176.182,3000,HTTP
114.226.245.101,9999,HTTP
183.154.52.20,9999,HTTP
183.166.119.80,9999,HTTP
115.216.56.165,9999,HTTP
60.167.119.57,9999,HTTP
180.122.147.120,39549,HTTP
171.35.146.247,9999,HTTP
117.88.177.127,3000,HTTP
180.122.151.228,9999,HTTP
183.166.132.214,9999,HTTP
114.226.244.175,9999,HTTP
183.154.55.3,9999,HTTP
117.95.162.137,9999,HTTP
110.243.28.238,9999,HTTP
163.204.247.219,9999,HTTP
183.154.48.54,9999,HTTP
183.154.51.143,9999,HTTP
114.233.50.194,9999,HTTP
114.223.113.178,9999,HTTP
49.85.99.246,9999,HTTP
117.69.50.66,9999,HTTP
182.149.83.169,9999,HTTP
113.195.146.245,9999,HTTP
183.158.128.72,9999,HTTP
183.154.55.162,9999,HTTP
117.88.177.141,3000,HTTP
222.189.191.165,9999,HTTP
121.237.148.59,3000,HTTP
120.41.115.10,9999,HTTP
117.88.177.227,3000,HTTP
114.226.89.152,9999,HTTP
123.149.137.224,9999,HTTP
114.226.162.248,9999,HTTP
120.83.123.165,9999,HTTP
114.226.245.155,9999,HTTP
114.226.244.79,9999,HTTP
182.34.27.105,9999,HTTP
112.87.68.164,9999,HTTP
220.175.144.159,9999,HTTP
115.211.227.84,9999,HTTP
114.226.245.235,9999,HTTP
49.85.99.220,9999,HTTP
1.196.177.231,9999,HTTP
111.79.45.101,9999,HTTP
123.149.137.254,9999,HTTP
114.99.26.122,9999,HTTP
183.154.51.161,9999,HTTP
114.226.246.144,9999,HTTP
36.27.28.216,9999,HTTP
223.199.24.13,9999,HTTP
49.76.124.173,9999,HTTP
114.227.106.133,9999,HTTP
36.25.42.203,9999,HTTP
115.216.40.204,9999,HTTP
123.163.27.99,9999,HTTP
114.226.162.127,46606,HTTP
123.149.137.169,9999,HTTP
114.226.244.246,9999,HTTP
183.159.112.21,9999,HTTP
117.90.5.58,9999,HTTP
220.175.144.15,9999,HTTP
114.226.160.22,25397,HTTP
183.154.52.138,9999,HTTP
58.212.40.241,9999,HTTP
60.167.133.50,808,HTTP
60.167.132.167,808,HTTP
115.216.40.34,9999,HTTP
115.216.56.44,9999,HTTP
171.35.147.180,9999,HTTP
223.199.19.154,9999,HTTP
49.76.203.38,9999,HTTP
223.199.17.112,9999,HTTP
115.239.62.47,9999,HTTP
115.216.78.228,9999,HTTP
223.199.26.138,9999,HTTP
114.226.35.200,9999,HTTP
183.154.52.136,9999,HTTP
114.99.27.127,9999,HTTP
171.35.215.95,9999,HTTP
117.90.252.34,9999,HTTP
183.166.103.13,9999,HTTP
218.87.141.215,9999,HTTP
183.166.132.242,9999,HTTP
60.167.20.16,40474,HTTP
123.169.164.101,9999,HTTP
123.169.118.130,9999,HTTP
183.154.48.39,9999,HTTP
36.248.133.246,9999,HTTP
1.197.204.99,9999,HTTP
112.111.217.14,9999,HTTP
60.167.23.168,9999,HTTP
111.79.45.9,9999,HTTP
220.179.219.233,9999,HTTP
114.99.6.36,9999,HTTP
1.197.203.149,9999,HTTP
223.199.23.11,9999,HTTP
114.99.13.47,808,HTTP
223.199.23.119,9999,HTTP
117.88.5.245,3000,HTTP
117.57.90.115,38783,HTTP
182.34.34.88,29586,HTTP
58.212.40.75,9999,HTTP
163.204.241.7,9999,HTTP
114.99.1.212,808,HTTP
58.212.41.48,9999,HTTP
114.99.24.121,9999,HTTP
114.99.10.16,9999,HTTP
117.88.4.23,3000,HTTP
114.99.13.49,9999,HTTP
182.35.83.202,9999,HTTP
171.11.178.83,9999,HTTP
175.44.109.245,9999,HTTP
117.69.200.22,9999,HTTP
114.99.0.221,808,HTTP
114.99.30.228,9999,HTTP
117.82.50.233,9999,HTTP
123.169.35.129,9999,HTTP
175.42.122.228,9999,HTTP
123.160.1.208,9999,HTTP
163.204.242.198,9999,HTTP
115.221.241.67,9999,HTTP
183.166.111.176,9999,HTTP
175.42.68.130,9999,HTTP
114.99.11.213,23760,HTTP
125.123.213.200,9999,HTTP
114.99.11.218,9999,HTTP
49.76.193.177,9999,HTTP
223.199.26.160,9999,HTTP
49.76.196.41,9999,HTTP
59.42.88.115,8118,HTTP
61.145.8.222,9999,HTTP
114.99.131.22,9999,HTTP
114.99.4.236,9999,HTTP
182.46.101.161,9999,HTTP
115.216.78.22,9999,HTTP
120.83.101.17,9999,HTTP
220.175.144.106,9999,HTTP
183.154.49.199,9999,HTTP
49.76.15.233,9999,HTTP
27.215.196.236,9999,HTTP
223.199.17.69,9999,HTTP
115.239.24.164,9999,HTTP
115.211.224.64,9999,HTTP
27.215.199.71,9999,HTTP
27.215.7.169,9999,HTTP
220.175.145.70,9999,HTTP
183.154.55.174,9999,HTTP
171.35.167.46,9999,HTTP
36.27.29.8,9999,HTTP
49.70.89.75,9999,HTTP
106.110.212.141,9999,HTTP
114.230.86.12,9999,HTTP
114.226.35.162,9999,HTTP
114.99.4.131,9999,HTTP
112.87.79.123,9999,HTTP
101.205.69.97,9999,HTTP
114.239.29.15,9999,HTTP
114.99.15.188,9999,HTTP
114.106.134.42,9999,HTTP
118.212.105.86,9999,HTTP
113.195.235.114,9999,HTTP
114.231.42.95,9999,HTTP
112.85.126.140,9999,HTTP
117.95.192.162,9999,HTTP
114.99.7.204,9999,HTTP
115.216.40.198,9999,HTTP
114.231.41.125,9999,HTTP
123.169.103.177,9999,HTTP
112.85.162.18,9999,HTTP
114.224.20.129,9999,HTTP
49.76.198.191,9999,HTTP
115.239.24.169,9999,HTTP
115.216.59.76,9999,HTTP
27.215.199.181,9999,HTTP
114.226.161.215,9999,HTTP
114.225.246.228,9999,HTTP
182.46.85.233,9999,HTTP
113.120.36.132,9999,HTTP
123.54.44.94,9999,HTTP
125.123.157.224,9999,HTTP
115.216.77.149,9999,HTTP
114.226.244.44,9999,HTTP
114.226.163.46,9999,HTTP
223.240.208.139,9999,HTTP
223.199.17.13,9999,HTTP
115.216.56.109,9999,HTTP
114.99.1.84,9999,HTTP
114.224.20.69,9999,HTTP
114.226.245.191,9999,HTTP
122.193.231.37,9999,HTTP
223.199.23.181,9999,HTTP
111.79.44.185,9999,HTTP
1.196.177.199,9999,HTTP
114.99.234.152,9999,HTTP
175.154.117.27,9999,HTTP
114.231.42.132,9999,HTTP
111.72.25.5,9999,HTTP
49.76.193.203,9999,HTTP
220.175.145.190,9999,HTTP
60.168.81.206,9999,HTTP
36.27.28.240,9999,HTTP
115.216.43.75,9999,HTTP
114.231.41.142,9999,HTTP
1.196.105.218,9999,HTTP
60.167.82.56,9999,HTTP
115.216.57.201,9999,HTTP
58.212.42.210,9999,HTTP
49.76.188.114,9999,HTTP
112.85.127.71,9999,HTTP
112.87.78.127,9999,HTTP
123.163.122.9,9999,HTTP
112.85.151.246,9999,HTTP
123.149.136.161,9999,HTTP
60.167.112.158,9999,HTTP
115.216.40.75,9999,HTTP
114.226.245.23,9999,HTTP
117.88.176.9,3000,HTTP
1.196.177.252,9999,HTTP
123.149.137.179,9999,HTTP
183.146.156.3,9999,HTTP
114.226.162.108,9999,HTTP
123.149.137.42,9999,HTTP
58.212.43.96,9999,HTTP
183.166.132.228,9999,HTTP
112.85.162.125,9999,HTTP
220.176.40.68,9999,HTTP
183.166.163.17,9999,HTTP
49.77.208.140,9999,HTTP
223.241.119.19,18118,HTTP
120.83.105.113,9999,HTTP
114.231.41.54,9999,HTTP
60.167.21.83,9999,HTTP
222.190.163.150,9999,HTTP
123.149.136.164,9999,HTTP
36.27.30.244,9999,HTTP
114.223.62.91,9999,HTTP
114.235.86.10,9999,HTTP
49.77.210.95,9999,HTTP
223.199.27.10,9999,HTTP
123.149.137.67,9999,HTTP
220.175.144.140,9999,HTTP
183.159.114.197,9999,HTTP
60.167.22.218,9999,HTTP
60.167.22.18,9999,HTTP
223.199.17.178,9999,HTTP
180.122.180.192,9999,HTTP
60.167.102.255,9999,HTTP
111.79.45.223,9999,HTTP
122.231.29.138,9999,HTTP
115.216.40.39,9999,HTTP
113.195.205.116,9999,HTTP
220.176.46.77,9999,HTTP
112.87.78.102,9999,HTTP
123.149.136.168,9999,HTTP
119.5.34.5,9999,HTTP
27.152.194.53,9999,HTTP
59.52.184.87,9999,HTTP
220.184.25.211,9999,HTTP
58.253.153.200,9999,HTTP
182.34.36.162,9999,HTTP
111.79.45.239,9999,HTTP
123.149.141.23,9999,HTTP
122.4.45.8,9999,HTTP
59.52.187.167,9999,HTTP
182.46.111.189,9999,HTTP
49.77.209.51,9999,HTTP
115.239.63.115,9999,HTTP
183.154.52.222,9999,HTTP
49.85.85.23,9999,HTTP
123.149.137.244,9999,HTTP
27.215.192.15,9999,HTTP
113.195.170.170,9999,HTTP
114.99.5.162,9999,HTTP
175.154.120.203,9999,HTTP
114.226.244.188,9999,HTTP
220.176.33.142,9999,HTTP
60.167.132.90,9999,HTTP
120.83.111.97,9999,HTTP
220.175.145.250,9999,HTTP
112.87.76.71,9999,HTTP
111.79.45.19,9999,HTTP
111.79.45.157,9999,HTTP
223.199.28.161,9999,HTTP
110.87.248.160,9999,HTTP
27.215.7.68,9999,HTTP
60.167.134.153,45419,HTTP
182.108.44.126,9999,HTTP
123.169.169.219,9999,HTTP
171.35.212.238,9999,HTTP
49.86.183.233,9999,HTTP
163.204.242.173,9999,HTTP
113.194.29.100,9999,HTTP
114.231.41.61,9999,HTTP
114.99.9.116,9999,HTTP
114.99.234.14,9999,HTTP
223.242.225.254,9999,HTTP
220.175.144.4,9999,HTTP
60.167.21.91,9999,HTTP
112.85.127.33,9999,HTTP
112.85.127.196,9999,HTTP
110.243.27.191,9999,HTTP
114.104.185.110,9999,HTTP
114.99.27.253,9999,HTTP
58.212.206.27,9999,HTTP
123.149.137.187,9999,HTTP
60.167.133.47,808,HTTP
183.166.133.42,9999,HTTP
183.166.163.49,9999,HTTP
182.46.197.181,9999,HTTP
123.169.163.4,9999,HTTP
114.223.211.24,9999,HTTP
182.34.220.89,9999,HTTP
59.52.185.247,9999,HTTP
114.99.234.240,9999,HTTP
220.175.144.62,9999,HTTP
114.99.29.69,9999,HTTP
113.116.6.175,8118,HTTP
114.99.23.100,808,HTTP
114.99.23.200,9999,HTTP
117.68.195.163,9999,HTTP
112.85.125.13,9999,HTTP
114.99.16.59,9999,HTTP
122.193.229.24,9999,HTTP
182.108.47.157,9999,HTTP
182.108.62.152,9999,HTTP
111.79.44.39,9999,HTTP
112.85.177.243,9999,HTTP
222.189.191.18,9999,HTTP
115.210.70.163,9999,HTTP
220.175.144.69,9999,HTTP
112.85.163.147,9999,HTTP
220.176.46.249,9999,HTTP
60.167.82.232,9999,HTTP
